month,year,habitat_sqm,scenario,lifestage,run
1,1979,6080.703938163678,baseline_action5_2026-03-01,spawn,winter
1,1980,6080.703938163678,baseline_action5_2026-03-01,spawn,winter
1,1981,6080.703938163678,baseline_action5_2026-03-01,spawn,winter
1,1982,6080.703938163678,baseline_action5_2026-03-01,spawn,winter
1,1983,6080.703938163678,baseline_action5_2026-03-01,spawn,winter
1,1984,6080.703938163678,baseline_action5_2026-03-01,spawn,winter
1,1985,6080.703938163678,baseline_action5_2026-03-01,spawn,winter
1,1986,6080.703938163678,baseline_action5_2026-03-01,spawn,winter
1,1987,6080.703938163678,baseline_action5_2026-03-01,spawn,winter
1,1988,6080.703938163678,baseline_action5_2026-03-01,spawn,winter
1,1989,6080.703938163678,baseline_action5_2026-03-01,spawn,winter
1,1990,6080.703938163678,baseline_action5_2026-03-01,spawn,winter
1,1991,6080.703938163678,baseline_action5_2026-03-01,spawn,winter
1,1992,6080.703938163678,baseline_action5_2026-03-01,spawn,winter
1,1993,6080.703938163678,baseline_action5_2026-03-01,spawn,winter
1,1994,6080.703938163678,baseline_action5_2026-03-01,spawn,winter
1,1995,6080.703938163678,baseline_action5_2026-03-01,spawn,winter
1,1996,6080.703938163678,baseline_action5_2026-03-01,spawn,winter
1,1997,6080.703938163678,baseline_action5_2026-03-01,spawn,winter
1,1998,6080.703938163678,baseline_action5_2026-03-01,spawn,winter
1,1999,6080.703938163678,baseline_action5_2026-03-01,spawn,winter
1,2000,6080.703938163678,baseline_action5_2026-03-01,spawn,winter
2,1979,6080.703938163678,baseline_action5_2026-03-01,spawn,winter
2,1980,6080.703938163678,baseline_action5_2026-03-01,spawn,winter
2,1981,6080.703938163678,baseline_action5_2026-03-01,spawn,winter
2,1982,6080.703938163678,baseline_action5_2026-03-01,spawn,winter
2,1983,6080.703938163678,baseline_action5_2026-03-01,spawn,winter
2,1984,6080.703938163678,baseline_action5_2026-03-01,spawn,winter
2,1985,6080.703938163678,baseline_action5_2026-03-01,spawn,winter
2,1986,6080.703938163678,baseline_action5_2026-03-01,spawn,winter
2,1987,6080.703938163678,baseline_action5_2026-03-01,spawn,winter
2,1988,6080.703938163678,baseline_action5_2026-03-01,spawn,winter
2,1989,6080.703938163678,baseline_action5_2026-03-01,spawn,winter
2,1990,6080.703938163678,baseline_action5_2026-03-01,spawn,winter
2,1991,6080.703938163678,baseline_action5_2026-03-01,spawn,winter
2,1992,6080.703938163678,baseline_action5_2026-03-01,spawn,winter
2,1993,6080.703938163678,baseline_action5_2026-03-01,spawn,winter
2,1994,6080.703938163678,baseline_action5_2026-03-01,spawn,winter
2,1995,6080.703938163678,baseline_action5_2026-03-01,spawn,winter
2,1996,6080.703938163678,baseline_action5_2026-03-01,spawn,winter
2,1997,6080.703938163678,baseline_action5_2026-03-01,spawn,winter
2,1998,6080.703938163678,baseline_action5_2026-03-01,spawn,winter
2,1999,6080.703938163678,baseline_action5_2026-03-01,spawn,winter
2,2000,6080.703938163678,baseline_action5_2026-03-01,spawn,winter
3,1979,6080.703938163678,baseline_action5_2026-03-01,spawn,winter
3,1980,6080.703938163678,baseline_action5_2026-03-01,spawn,winter
3,1981,6080.703938163678,baseline_action5_2026-03-01,spawn,winter
3,1982,6080.703938163678,baseline_action5_2026-03-01,spawn,winter
3,1983,6080.703938163678,baseline_action5_2026-03-01,spawn,winter
3,1984,6080.703938163678,baseline_action5_2026-03-01,spawn,winter
3,1985,6080.703938163678,baseline_action5_2026-03-01,spawn,winter
3,1986,6080.703938163678,baseline_action5_2026-03-01,spawn,winter
3,1987,6080.703938163678,baseline_action5_2026-03-01,spawn,winter
3,1988,6080.703938163678,baseline_action5_2026-03-01,spawn,winter
3,1989,6080.703938163678,baseline_action5_2026-03-01,spawn,winter
3,1990,6080.703938163678,baseline_action5_2026-03-01,spawn,winter
3,1991,6080.703938163678,baseline_action5_2026-03-01,spawn,winter
3,1992,6080.703938163678,baseline_action5_2026-03-01,spawn,winter
3,1993,6080.703938163678,baseline_action5_2026-03-01,spawn,winter
3,1994,6080.703938163678,baseline_action5_2026-03-01,spawn,winter
3,1995,6080.703938163678,baseline_action5_2026-03-01,spawn,winter
3,1996,6080.703938163678,baseline_action5_2026-03-01,spawn,winter
3,1997,6080.703938163678,baseline_action5_2026-03-01,spawn,winter
3,1998,6080.703938163678,baseline_action5_2026-03-01,spawn,winter
3,1999,6080.703938163678,baseline_action5_2026-03-01,spawn,winter
3,2000,6080.703938163678,baseline_action5_2026-03-01,spawn,winter
4,1979,6080.703938163678,baseline_action5_2026-03-01,spawn,winter
4,1980,6080.703938163678,baseline_action5_2026-03-01,spawn,winter
4,1981,6080.703938163678,baseline_action5_2026-03-01,spawn,winter
4,1982,6080.703938163678,baseline_action5_2026-03-01,spawn,winter
4,1983,6080.703938163678,baseline_action5_2026-03-01,spawn,winter
4,1984,6080.703938163678,baseline_action5_2026-03-01,spawn,winter
4,1985,6080.703938163678,baseline_action5_2026-03-01,spawn,winter
4,1986,6080.703938163678,baseline_action5_2026-03-01,spawn,winter
4,1987,6080.703938163678,baseline_action5_2026-03-01,spawn,winter
4,1988,6080.703938163678,baseline_action5_2026-03-01,spawn,winter
4,1989,6080.703938163678,baseline_action5_2026-03-01,spawn,winter
4,1990,6080.703938163678,baseline_action5_2026-03-01,spawn,winter
4,1991,6080.703938163678,baseline_action5_2026-03-01,spawn,winter
4,1992,6080.703938163678,baseline_action5_2026-03-01,spawn,winter
4,1993,6080.703938163678,baseline_action5_2026-03-01,spawn,winter
4,1994,6080.703938163678,baseline_action5_2026-03-01,spawn,winter
4,1995,6080.703938163678,baseline_action5_2026-03-01,spawn,winter
4,1996,6080.703938163678,baseline_action5_2026-03-01,spawn,winter
4,1997,6080.703938163678,baseline_action5_2026-03-01,spawn,winter
4,1998,6080.703938163678,baseline_action5_2026-03-01,spawn,winter
4,1999,6080.703938163678,baseline_action5_2026-03-01,spawn,winter
4,2000,6080.703938163678,baseline_action5_2026-03-01,spawn,winter
5,1979,6080.703938163678,baseline_action5_2026-03-01,spawn,winter
5,1980,6080.703938163678,baseline_action5_2026-03-01,spawn,winter
5,1981,6080.703938163678,baseline_action5_2026-03-01,spawn,winter
5,1982,6080.703938163678,baseline_action5_2026-03-01,spawn,winter
5,1983,6080.703938163678,baseline_action5_2026-03-01,spawn,winter
5,1984,6080.703938163678,baseline_action5_2026-03-01,spawn,winter
5,1985,6080.703938163678,baseline_action5_2026-03-01,spawn,winter
5,1986,6080.703938163678,baseline_action5_2026-03-01,spawn,winter
5,1987,6080.703938163678,baseline_action5_2026-03-01,spawn,winter
5,1988,6080.703938163678,baseline_action5_2026-03-01,spawn,winter
5,1989,6080.703938163678,baseline_action5_2026-03-01,spawn,winter
5,1990,6943.99537436731,baseline_action5_2026-03-01,spawn,winter
5,1991,6080.703938163678,baseline_action5_2026-03-01,spawn,winter
5,1992,6080.703938163678,baseline_action5_2026-03-01,spawn,winter
5,1993,6080.703938163678,baseline_action5_2026-03-01,spawn,winter
5,1994,6080.703938163678,baseline_action5_2026-03-01,spawn,winter
5,1995,6080.703938163678,baseline_action5_2026-03-01,spawn,winter
5,1996,6080.703938163678,baseline_action5_2026-03-01,spawn,winter
5,1997,6080.703938163678,baseline_action5_2026-03-01,spawn,winter
5,1998,6080.703938163678,baseline_action5_2026-03-01,spawn,winter
5,1999,6080.703938163678,baseline_action5_2026-03-01,spawn,winter
5,2000,6080.703938163678,baseline_action5_2026-03-01,spawn,winter
6,1979,6080.703938163678,baseline_action5_2026-03-01,spawn,winter
6,1980,6080.703938163678,baseline_action5_2026-03-01,spawn,winter
6,1981,6275.24818661537,baseline_action5_2026-03-01,spawn,winter
6,1982,6080.703938163678,baseline_action5_2026-03-01,spawn,winter
6,1983,6080.703938163678,baseline_action5_2026-03-01,spawn,winter
6,1984,6080.703938163678,baseline_action5_2026-03-01,spawn,winter
6,1985,6957.44485201406,baseline_action5_2026-03-01,spawn,winter
6,1986,6080.703938163678,baseline_action5_2026-03-01,spawn,winter
6,1987,7155.8949600254855,baseline_action5_2026-03-01,spawn,winter
6,1988,6080.703938163678,baseline_action5_2026-03-01,spawn,winter
6,1989,6080.703938163678,baseline_action5_2026-03-01,spawn,winter
6,1990,6080.703938163678,baseline_action5_2026-03-01,spawn,winter
6,1991,6080.703938163678,baseline_action5_2026-03-01,spawn,winter
6,1992,10930.054294796571,baseline_action5_2026-03-01,spawn,winter
6,1993,6080.703938163678,baseline_action5_2026-03-01,spawn,winter
6,1994,6110.397380449434,baseline_action5_2026-03-01,spawn,winter
6,1995,6080.703938163678,baseline_action5_2026-03-01,spawn,winter
6,1996,6080.703938163678,baseline_action5_2026-03-01,spawn,winter
6,1997,6080.703938163678,baseline_action5_2026-03-01,spawn,winter
6,1998,6080.703938163678,baseline_action5_2026-03-01,spawn,winter
6,1999,6080.703938163678,baseline_action5_2026-03-01,spawn,winter
6,2000,6080.703938163678,baseline_action5_2026-03-01,spawn,winter
7,1979,9304.562078472734,baseline_action5_2026-03-01,spawn,winter
7,1980,6080.703938163678,baseline_action5_2026-03-01,spawn,winter
7,1981,8405.571816467653,baseline_action5_2026-03-01,spawn,winter
7,1982,6080.703938163678,baseline_action5_2026-03-01,spawn,winter
7,1983,6080.703938163678,baseline_action5_2026-03-01,spawn,winter
7,1984,6080.703938163678,baseline_action5_2026-03-01,spawn,winter
7,1985,9786.088559639044,baseline_action5_2026-03-01,spawn,winter
7,1986,6322.9700926795895,baseline_action5_2026-03-01,spawn,winter
7,1987,6398.853798596178,baseline_action5_2026-03-01,spawn,winter
7,1988,6624.731984538124,baseline_action5_2026-03-01,spawn,winter
7,1989,7729.647242936946,baseline_action5_2026-03-01,spawn,winter
7,1990,6080.703938163678,baseline_action5_2026-03-01,spawn,winter
7,1991,9302.018388965735,baseline_action5_2026-03-01,spawn,winter
7,1992,9031.639462714438,baseline_action5_2026-03-01,spawn,winter
7,1993,6080.703938163678,baseline_action5_2026-03-01,spawn,winter
7,1994,7904.430120958166,baseline_action5_2026-03-01,spawn,winter
7,1995,6080.703938163678,baseline_action5_2026-03-01,spawn,winter
7,1996,6080.703938163678,baseline_action5_2026-03-01,spawn,winter
7,1997,6080.703938163678,baseline_action5_2026-03-01,spawn,winter
7,1998,6080.703938163678,baseline_action5_2026-03-01,spawn,winter
7,1999,6080.703938163678,baseline_action5_2026-03-01,spawn,winter
7,2000,6080.703938163678,baseline_action5_2026-03-01,spawn,winter
8,1979,9849.958004636703,baseline_action5_2026-03-01,spawn,winter
8,1980,9067.437446997768,baseline_action5_2026-03-01,spawn,winter
8,1981,6311.043765943487,baseline_action5_2026-03-01,spawn,winter
8,1982,6080.703938163678,baseline_action5_2026-03-01,spawn,winter
8,1983,6080.703938163678,baseline_action5_2026-03-01,spawn,winter
8,1984,6624.853631812628,baseline_action5_2026-03-01,spawn,winter
8,1985,7161.490440817771,baseline_action5_2026-03-01,spawn,winter
8,1986,9529.798342733096,baseline_action5_2026-03-01,spawn,winter
8,1987,6080.703938163678,baseline_action5_2026-03-01,spawn,winter
8,1988,9280.590748444884,baseline_action5_2026-03-01,spawn,winter
8,1989,9173.992286135113,baseline_action5_2026-03-01,spawn,winter
8,1990,6194.807901822653,baseline_action5_2026-03-01,spawn,winter
8,1991,8181.233555378807,baseline_action5_2026-03-01,spawn,winter
8,1992,9069.514585100205,baseline_action5_2026-03-01,spawn,winter
8,1993,6080.703938163678,baseline_action5_2026-03-01,spawn,winter
8,1994,7088.699879944008,baseline_action5_2026-03-01,spawn,winter
8,1995,6080.703938163678,baseline_action5_2026-03-01,spawn,winter
8,1996,6080.703938163678,baseline_action5_2026-03-01,spawn,winter
8,1997,7243.0279687690145,baseline_action5_2026-03-01,spawn,winter
8,1998,6080.703938163678,baseline_action5_2026-03-01,spawn,winter
8,1999,6964.821880916582,baseline_action5_2026-03-01,spawn,winter
8,2000,6080.703938163678,baseline_action5_2026-03-01,spawn,winter
9,1979,6080.703938163678,baseline_action5_2026-03-01,spawn,winter
9,1980,8639.724075714445,baseline_action5_2026-03-01,spawn,winter
9,1981,6080.703938163678,baseline_action5_2026-03-01,spawn,winter
9,1982,6228.554620698939,baseline_action5_2026-03-01,spawn,winter
9,1983,6080.703938163678,baseline_action5_2026-03-01,spawn,winter
9,1984,6080.703938163678,baseline_action5_2026-03-01,spawn,winter
9,1985,6080.703938163678,baseline_action5_2026-03-01,spawn,winter
9,1986,6080.703938163678,baseline_action5_2026-03-01,spawn,winter
9,1987,6080.703938163678,baseline_action5_2026-03-01,spawn,winter
9,1988,6411.473630697909,baseline_action5_2026-03-01,spawn,winter
9,1989,6080.703938163678,baseline_action5_2026-03-01,spawn,winter
9,1990,6359.984037423894,baseline_action5_2026-03-01,spawn,winter
9,1991,7202.692479397313,baseline_action5_2026-03-01,spawn,winter
9,1992,8312.098596435058,baseline_action5_2026-03-01,spawn,winter
9,1993,8431.5265310048635,baseline_action5_2026-03-01,spawn,winter
9,1994,7299.7746168883605,baseline_action5_2026-03-01,spawn,winter
9,1995,7423.899798843211,baseline_action5_2026-03-01,spawn,winter
9,1996,6080.703938163678,baseline_action5_2026-03-01,spawn,winter
9,1997,6080.703938163678,baseline_action5_2026-03-01,spawn,winter
9,1998,6080.703938163678,baseline_action5_2026-03-01,spawn,winter
9,1999,6080.703938163678,baseline_action5_2026-03-01,spawn,winter
9,2000,6080.703938163678,baseline_action5_2026-03-01,spawn,winter
10,1979,6080.703938163678,baseline_action5_2026-03-01,spawn,winter
10,1980,6080.703938163678,baseline_action5_2026-03-01,spawn,winter
10,1981,6080.703938163678,baseline_action5_2026-03-01,spawn,winter
10,1982,6080.703938163678,baseline_action5_2026-03-01,spawn,winter
10,1983,6080.703938163678,baseline_action5_2026-03-01,spawn,winter
10,1984,6080.703938163678,baseline_action5_2026-03-01,spawn,winter
10,1985,6080.703938163678,baseline_action5_2026-03-01,spawn,winter
10,1986,6080.703938163678,baseline_action5_2026-03-01,spawn,winter
10,1987,6080.703938163678,baseline_action5_2026-03-01,spawn,winter
10,1988,6127.191724405097,baseline_action5_2026-03-01,spawn,winter
10,1989,6080.703938163678,baseline_action5_2026-03-01,spawn,winter
10,1990,6080.703938163678,baseline_action5_2026-03-01,spawn,winter
10,1991,7236.584605882137,baseline_action5_2026-03-01,spawn,winter
10,1992,8089.414378589698,baseline_action5_2026-03-01,spawn,winter
10,1993,6080.703938163678,baseline_action5_2026-03-01,spawn,winter
10,1994,6799.438624486107,baseline_action5_2026-03-01,spawn,winter
10,1995,6080.703938163678,baseline_action5_2026-03-01,spawn,winter
10,1996,6080.703938163678,baseline_action5_2026-03-01,spawn,winter
10,1997,6080.703938163678,baseline_action5_2026-03-01,spawn,winter
10,1998,6080.703938163678,baseline_action5_2026-03-01,spawn,winter
10,1999,6080.703938163678,baseline_action5_2026-03-01,spawn,winter
10,2000,6080.703938163678,baseline_action5_2026-03-01,spawn,winter
11,1979,6080.703938163678,baseline_action5_2026-03-01,spawn,winter
11,1980,6080.703938163678,baseline_action5_2026-03-01,spawn,winter
11,1981,6080.703938163678,baseline_action5_2026-03-01,spawn,winter
11,1982,6080.703938163678,baseline_action5_2026-03-01,spawn,winter
11,1983,6080.703938163678,baseline_action5_2026-03-01,spawn,winter
11,1984,6080.703938163678,baseline_action5_2026-03-01,spawn,winter
11,1985,6080.703938163678,baseline_action5_2026-03-01,spawn,winter
11,1986,6080.703938163678,baseline_action5_2026-03-01,spawn,winter
11,1987,6080.703938163678,baseline_action5_2026-03-01,spawn,winter
11,1988,6080.703938163678,baseline_action5_2026-03-01,spawn,winter
11,1989,6080.703938163678,baseline_action5_2026-03-01,spawn,winter
11,1990,6436.383371159619,baseline_action5_2026-03-01,spawn,winter
11,1991,6080.703938163678,baseline_action5_2026-03-01,spawn,winter
11,1992,7052.489036443831,baseline_action5_2026-03-01,spawn,winter
11,1993,6080.703938163678,baseline_action5_2026-03-01,spawn,winter
11,1994,6080.703938163678,baseline_action5_2026-03-01,spawn,winter
11,1995,6080.703938163678,baseline_action5_2026-03-01,spawn,winter
11,1996,6080.703938163678,baseline_action5_2026-03-01,spawn,winter
11,1997,6080.703938163678,baseline_action5_2026-03-01,spawn,winter
11,1998,6080.703938163678,baseline_action5_2026-03-01,spawn,winter
11,1999,6080.703938163678,baseline_action5_2026-03-01,spawn,winter
11,2000,6080.703938163678,baseline_action5_2026-03-01,spawn,winter
12,1979,6080.703938163678,baseline_action5_2026-03-01,spawn,winter
12,1980,6080.703938163678,baseline_action5_2026-03-01,spawn,winter
12,1981,6080.703938163678,baseline_action5_2026-03-01,spawn,winter
12,1982,6080.703938163678,baseline_action5_2026-03-01,spawn,winter
12,1983,6080.703938163678,baseline_action5_2026-03-01,spawn,winter
12,1984,6080.703938163678,baseline_action5_2026-03-01,spawn,winter
12,1985,6080.703938163678,baseline_action5_2026-03-01,spawn,winter
12,1986,6080.703938163678,baseline_action5_2026-03-01,spawn,winter
12,1987,6080.703938163678,baseline_action5_2026-03-01,spawn,winter
12,1988,6080.703938163678,baseline_action5_2026-03-01,spawn,winter
12,1989,6080.703938163678,baseline_action5_2026-03-01,spawn,winter
12,1990,6080.703938163678,baseline_action5_2026-03-01,spawn,winter
12,1991,6706.145978311716,baseline_action5_2026-03-01,spawn,winter
12,1992,6080.703938163678,baseline_action5_2026-03-01,spawn,winter
12,1993,6080.703938163678,baseline_action5_2026-03-01,spawn,winter
12,1994,6080.703938163678,baseline_action5_2026-03-01,spawn,winter
12,1995,6080.703938163678,baseline_action5_2026-03-01,spawn,winter
12,1996,6080.703938163678,baseline_action5_2026-03-01,spawn,winter
12,1997,6080.703938163678,baseline_action5_2026-03-01,spawn,winter
12,1998,6080.703938163678,baseline_action5_2026-03-01,spawn,winter
12,1999,6080.703938163678,baseline_action5_2026-03-01,spawn,winter
12,2000,6080.703938163678,baseline_action5_2026-03-01,spawn,winter
1,1980,72526.23039604606,baseline_action5_2026-03-01,juv,winter
1,1981,72526.23039604606,baseline_action5_2026-03-01,juv,winter
1,1982,72526.23039604606,baseline_action5_2026-03-01,juv,winter
1,1983,72526.23039604606,baseline_action5_2026-03-01,juv,winter
1,1984,72526.23039604606,baseline_action5_2026-03-01,juv,winter
1,1985,72526.23039604606,baseline_action5_2026-03-01,juv,winter
1,1986,72526.23039604606,baseline_action5_2026-03-01,juv,winter
1,1987,72526.23039604606,baseline_action5_2026-03-01,juv,winter
1,1988,72526.23039604606,baseline_action5_2026-03-01,juv,winter
1,1989,72526.23039604606,baseline_action5_2026-03-01,juv,winter
1,1990,72526.23039604606,baseline_action5_2026-03-01,juv,winter
1,1991,72526.23039604606,baseline_action5_2026-03-01,juv,winter
1,1992,72526.23039604606,baseline_action5_2026-03-01,juv,winter
1,1993,72526.23039604606,baseline_action5_2026-03-01,juv,winter
1,1994,72526.23039604606,baseline_action5_2026-03-01,juv,winter
1,1995,72526.23039604606,baseline_action5_2026-03-01,juv,winter
1,1996,72526.23039604606,baseline_action5_2026-03-01,juv,winter
1,1997,72526.23039604606,baseline_action5_2026-03-01,juv,winter
1,1998,72526.23039604606,baseline_action5_2026-03-01,juv,winter
1,1999,72526.23039604606,baseline_action5_2026-03-01,juv,winter
1,2000,72526.23039604606,baseline_action5_2026-03-01,juv,winter
2,1980,72526.23039604606,baseline_action5_2026-03-01,juv,winter
2,1981,72526.23039604606,baseline_action5_2026-03-01,juv,winter
2,1982,72526.23039604606,baseline_action5_2026-03-01,juv,winter
2,1983,72526.23039604606,baseline_action5_2026-03-01,juv,winter
2,1984,72526.23039604606,baseline_action5_2026-03-01,juv,winter
2,1985,72526.23039604606,baseline_action5_2026-03-01,juv,winter
2,1986,72526.23039604606,baseline_action5_2026-03-01,juv,winter
2,1987,72526.23039604606,baseline_action5_2026-03-01,juv,winter
2,1988,72526.23039604606,baseline_action5_2026-03-01,juv,winter
2,1989,72526.23039604606,baseline_action5_2026-03-01,juv,winter
2,1990,72526.23039604606,baseline_action5_2026-03-01,juv,winter
2,1991,72526.23039604606,baseline_action5_2026-03-01,juv,winter
2,1992,72526.23039604606,baseline_action5_2026-03-01,juv,winter
2,1993,72526.23039604606,baseline_action5_2026-03-01,juv,winter
2,1994,72526.23039604606,baseline_action5_2026-03-01,juv,winter
2,1995,72526.23039604606,baseline_action5_2026-03-01,juv,winter
2,1996,72526.23039604606,baseline_action5_2026-03-01,juv,winter
2,1997,72526.23039604606,baseline_action5_2026-03-01,juv,winter
2,1998,72526.23039604606,baseline_action5_2026-03-01,juv,winter
2,1999,72526.23039604606,baseline_action5_2026-03-01,juv,winter
2,2000,72526.23039604606,baseline_action5_2026-03-01,juv,winter
3,1980,72526.23039604606,baseline_action5_2026-03-01,juv,winter
3,1981,72526.23039604606,baseline_action5_2026-03-01,juv,winter
3,1982,72526.23039604606,baseline_action5_2026-03-01,juv,winter
3,1983,72526.23039604606,baseline_action5_2026-03-01,juv,winter
3,1984,72526.23039604606,baseline_action5_2026-03-01,juv,winter
3,1985,72526.23039604606,baseline_action5_2026-03-01,juv,winter
3,1986,72526.23039604606,baseline_action5_2026-03-01,juv,winter
3,1987,72526.23039604606,baseline_action5_2026-03-01,juv,winter
3,1988,72526.23039604606,baseline_action5_2026-03-01,juv,winter
3,1989,72526.23039604606,baseline_action5_2026-03-01,juv,winter
3,1990,72526.23039604606,baseline_action5_2026-03-01,juv,winter
3,1991,72526.23039604606,baseline_action5_2026-03-01,juv,winter
3,1992,72526.23039604606,baseline_action5_2026-03-01,juv,winter
3,1993,72526.23039604606,baseline_action5_2026-03-01,juv,winter
3,1994,72526.23039604606,baseline_action5_2026-03-01,juv,winter
3,1995,72526.23039604606,baseline_action5_2026-03-01,juv,winter
3,1996,72526.23039604606,baseline_action5_2026-03-01,juv,winter
3,1997,72526.23039604606,baseline_action5_2026-03-01,juv,winter
3,1998,72526.23039604606,baseline_action5_2026-03-01,juv,winter
3,1999,72526.23039604606,baseline_action5_2026-03-01,juv,winter
3,2000,72526.23039604606,baseline_action5_2026-03-01,juv,winter
4,1980,72526.23039604606,baseline_action5_2026-03-01,juv,winter
4,1981,72526.23039604606,baseline_action5_2026-03-01,juv,winter
4,1982,72526.23039604606,baseline_action5_2026-03-01,juv,winter
4,1983,72526.23039604606,baseline_action5_2026-03-01,juv,winter
4,1984,72526.23039604606,baseline_action5_2026-03-01,juv,winter
4,1985,72526.23039604606,baseline_action5_2026-03-01,juv,winter
4,1986,72526.23039604606,baseline_action5_2026-03-01,juv,winter
4,1987,72526.23039604606,baseline_action5_2026-03-01,juv,winter
4,1988,72526.23039604606,baseline_action5_2026-03-01,juv,winter
4,1989,72526.23039604606,baseline_action5_2026-03-01,juv,winter
4,1990,72526.23039604606,baseline_action5_2026-03-01,juv,winter
4,1991,72526.23039604606,baseline_action5_2026-03-01,juv,winter
4,1992,72526.23039604606,baseline_action5_2026-03-01,juv,winter
4,1993,72526.23039604606,baseline_action5_2026-03-01,juv,winter
4,1994,72526.23039604606,baseline_action5_2026-03-01,juv,winter
4,1995,72526.23039604606,baseline_action5_2026-03-01,juv,winter
4,1996,72526.23039604606,baseline_action5_2026-03-01,juv,winter
4,1997,72526.23039604606,baseline_action5_2026-03-01,juv,winter
4,1998,72526.23039604606,baseline_action5_2026-03-01,juv,winter
4,1999,72526.23039604606,baseline_action5_2026-03-01,juv,winter
4,2000,72526.23039604606,baseline_action5_2026-03-01,juv,winter
5,1980,72526.23039604606,baseline_action5_2026-03-01,juv,winter
5,1981,72526.23039604606,baseline_action5_2026-03-01,juv,winter
5,1982,72526.23039604606,baseline_action5_2026-03-01,juv,winter
5,1983,72526.23039604606,baseline_action5_2026-03-01,juv,winter
5,1984,72526.23039604606,baseline_action5_2026-03-01,juv,winter
5,1985,72526.23039604606,baseline_action5_2026-03-01,juv,winter
5,1986,72526.23039604606,baseline_action5_2026-03-01,juv,winter
5,1987,72526.23039604606,baseline_action5_2026-03-01,juv,winter
5,1988,72526.23039604606,baseline_action5_2026-03-01,juv,winter
5,1989,72526.23039604606,baseline_action5_2026-03-01,juv,winter
5,1990,79738.60530322923,baseline_action5_2026-03-01,juv,winter
5,1991,72526.23039604606,baseline_action5_2026-03-01,juv,winter
5,1992,72526.23039604606,baseline_action5_2026-03-01,juv,winter
5,1993,72526.23039604606,baseline_action5_2026-03-01,juv,winter
5,1994,72526.23039604606,baseline_action5_2026-03-01,juv,winter
5,1995,72526.23039604606,baseline_action5_2026-03-01,juv,winter
5,1996,72526.23039604606,baseline_action5_2026-03-01,juv,winter
5,1997,72526.23039604606,baseline_action5_2026-03-01,juv,winter
5,1998,72526.23039604606,baseline_action5_2026-03-01,juv,winter
5,1999,72526.23039604606,baseline_action5_2026-03-01,juv,winter
5,2000,72526.23039604606,baseline_action5_2026-03-01,juv,winter
6,1980,72526.23039604606,baseline_action5_2026-03-01,juv,winter
6,1981,74086.81366439998,baseline_action5_2026-03-01,juv,winter
6,1982,72526.23039604606,baseline_action5_2026-03-01,juv,winter
6,1983,72526.23039604606,baseline_action5_2026-03-01,juv,winter
6,1984,72526.23039604606,baseline_action5_2026-03-01,juv,winter
6,1985,79864.14520940624,baseline_action5_2026-03-01,juv,winter
6,1986,72526.23039604606,baseline_action5_2026-03-01,juv,winter
6,1987,81716.51513743798,baseline_action5_2026-03-01,juv,winter
6,1988,72526.23039604606,baseline_action5_2026-03-01,juv,winter
6,1989,72526.23039604606,baseline_action5_2026-03-01,juv,winter
6,1990,72526.23039604606,baseline_action5_2026-03-01,juv,winter
6,1991,72526.23039604606,baseline_action5_2026-03-01,juv,winter
6,1992,100498.65370428716,baseline_action5_2026-03-01,juv,winter
6,1993,72526.23039604606,baseline_action5_2026-03-01,juv,winter
6,1994,72764.42345279166,baseline_action5_2026-03-01,juv,winter
6,1995,72526.23039604606,baseline_action5_2026-03-01,juv,winter
6,1996,72526.23039604606,baseline_action5_2026-03-01,juv,winter
6,1997,72526.23039604606,baseline_action5_2026-03-01,juv,winter
6,1998,72526.23039604606,baseline_action5_2026-03-01,juv,winter
6,1999,72526.23039604606,baseline_action5_2026-03-01,juv,winter
6,2000,72526.23039604606,baseline_action5_2026-03-01,juv,winter
7,1980,72526.23039604606,baseline_action5_2026-03-01,juv,winter
7,1981,89179.34130194891,baseline_action5_2026-03-01,juv,winter
7,1982,72526.23039604606,baseline_action5_2026-03-01,juv,winter
7,1983,72526.23039604606,baseline_action5_2026-03-01,juv,winter
7,1984,72526.23039604606,baseline_action5_2026-03-01,juv,winter
7,1985,96108.19875363997,baseline_action5_2026-03-01,juv,winter
7,1986,74469.62635986895,baseline_action5_2026-03-01,juv,winter
7,1987,75078.34567558557,baseline_action5_2026-03-01,juv,winter
7,1988,76890.28162574896,baseline_action5_2026-03-01,juv,winter
7,1989,85533.66404941198,baseline_action5_2026-03-01,juv,winter
7,1990,72526.23039604606,baseline_action5_2026-03-01,juv,winter
7,1991,94007.87334317286,baseline_action5_2026-03-01,juv,winter
7,1992,92551.53076936163,baseline_action5_2026-03-01,juv,winter
7,1993,72526.23039604606,baseline_action5_2026-03-01,juv,winter
7,1994,86476.41692173053,baseline_action5_2026-03-01,juv,winter
7,1995,72526.23039604606,baseline_action5_2026-03-01,juv,winter
7,1996,72526.23039604606,baseline_action5_2026-03-01,juv,winter
7,1997,72526.23039604606,baseline_action5_2026-03-01,juv,winter
7,1998,72526.23039604606,baseline_action5_2026-03-01,juv,winter
7,1999,72526.23039604606,baseline_action5_2026-03-01,juv,winter
7,2000,72526.23039604606,baseline_action5_2026-03-01,juv,winter
8,1980,92744.34952669327,baseline_action5_2026-03-01,juv,winter
8,1981,74373.95647445519,baseline_action5_2026-03-01,juv,winter
8,1982,72526.23039604606,baseline_action5_2026-03-01,juv,winter
8,1983,72526.23039604606,baseline_action5_2026-03-01,juv,winter
8,1984,76891.25744848719,baseline_action5_2026-03-01,juv,winter
8,1985,81768.74438768314,baseline_action5_2026-03-01,juv,winter
8,1986,95063.82205161883,baseline_action5_2026-03-01,juv,winter
8,1987,72526.23039604606,baseline_action5_2026-03-01,juv,winter
8,1988,93892.45759839017,baseline_action5_2026-03-01,juv,winter
8,1989,93318.28607874944,baseline_action5_2026-03-01,juv,winter
8,1990,73441.54266025456,baseline_action5_2026-03-01,juv,winter
8,1991,87969.4535156011,baseline_action5_2026-03-01,juv,winter
8,1992,92755.5376199822,baseline_action5_2026-03-01,juv,winter
8,1993,72526.23039604606,baseline_action5_2026-03-01,juv,winter
8,1994,81089.30386049855,baseline_action5_2026-03-01,juv,winter
8,1995,72526.23039604606,baseline_action5_2026-03-01,juv,winter
8,1996,72526.23039604606,baseline_action5_2026-03-01,juv,winter
8,1997,82529.83071964035,baseline_action5_2026-03-01,juv,winter
8,1998,72526.23039604606,baseline_action5_2026-03-01,juv,winter
8,1999,79933.00375846012,baseline_action5_2026-03-01,juv,winter
8,2000,72526.23039604606,baseline_action5_2026-03-01,juv,winter
9,1980,90440.55610379425,baseline_action5_2026-03-01,juv,winter
9,1981,72526.23039604606,baseline_action5_2026-03-01,juv,winter
9,1982,73712.25004564023,baseline_action5_2026-03-01,juv,winter
9,1983,72526.23039604606,baseline_action5_2026-03-01,juv,winter
9,1984,72526.23039604606,baseline_action5_2026-03-01,juv,winter
9,1985,72526.23039604606,baseline_action5_2026-03-01,juv,winter
9,1986,72526.23039604606,baseline_action5_2026-03-01,juv,winter
9,1987,72526.23039604606,baseline_action5_2026-03-01,juv,winter
9,1988,75179.57868033457,baseline_action5_2026-03-01,juv,winter
9,1989,72526.23039604606,baseline_action5_2026-03-01,juv,winter
9,1990,74766.54257982125,baseline_action5_2026-03-01,juv,winter
9,1991,82153.33181876659,baseline_action5_2026-03-01,juv,winter
9,1992,88675.32010126793,baseline_action5_2026-03-01,juv,winter
9,1993,89319.14123493824,baseline_action5_2026-03-01,juv,winter
9,1994,83059.51440460375,baseline_action5_2026-03-01,juv,winter
9,1995,83884.50776827772,baseline_action5_2026-03-01,juv,winter
9,1996,72526.23039604606,baseline_action5_2026-03-01,juv,winter
9,1997,72526.23039604606,baseline_action5_2026-03-01,juv,winter
9,1998,72526.23039604606,baseline_action5_2026-03-01,juv,winter
9,1999,72526.23039604606,baseline_action5_2026-03-01,juv,winter
9,2000,72526.23039604606,baseline_action5_2026-03-01,juv,winter
10,1980,72526.23039604606,baseline_action5_2026-03-01,juv,winter
10,1981,72526.23039604606,baseline_action5_2026-03-01,juv,winter
10,1982,72526.23039604606,baseline_action5_2026-03-01,juv,winter
10,1983,72526.23039604606,baseline_action5_2026-03-01,juv,winter
10,1984,72526.23039604606,baseline_action5_2026-03-01,juv,winter
10,1985,72526.23039604606,baseline_action5_2026-03-01,juv,winter
10,1986,72526.23039604606,baseline_action5_2026-03-01,juv,winter
10,1987,72526.23039604606,baseline_action5_2026-03-01,juv,winter
10,1988,72899.14330387322,baseline_action5_2026-03-01,juv,winter
10,1989,72526.23039604606,baseline_action5_2026-03-01,juv,winter
10,1990,72526.23039604606,baseline_action5_2026-03-01,juv,winter
10,1991,82469.68718146521,baseline_action5_2026-03-01,juv,winter
10,1992,87474.19451980088,baseline_action5_2026-03-01,juv,winter
10,1993,72526.23039604606,baseline_action5_2026-03-01,juv,winter
10,1994,78389.28592488688,baseline_action5_2026-03-01,juv,winter
10,1995,72526.23039604606,baseline_action5_2026-03-01,juv,winter
10,1996,72526.23039604606,baseline_action5_2026-03-01,juv,winter
10,1997,72526.23039604606,baseline_action5_2026-03-01,juv,winter
10,1998,72526.23039604606,baseline_action5_2026-03-01,juv,winter
10,1999,72526.23039604606,baseline_action5_2026-03-01,juv,winter
10,2000,72526.23039604606,baseline_action5_2026-03-01,juv,winter
11,1980,72526.23039604606,baseline_action5_2026-03-01,juv,winter
11,1981,72526.23039604606,baseline_action5_2026-03-01,juv,winter
11,1982,72526.23039604606,baseline_action5_2026-03-01,juv,winter
11,1983,72526.23039604606,baseline_action5_2026-03-01,juv,winter
11,1984,72526.23039604606,baseline_action5_2026-03-01,juv,winter
11,1985,72526.23039604606,baseline_action5_2026-03-01,juv,winter
11,1986,72526.23039604606,baseline_action5_2026-03-01,juv,winter
11,1987,72526.23039604606,baseline_action5_2026-03-01,juv,winter
11,1988,72526.23039604606,baseline_action5_2026-03-01,juv,winter
11,1989,72526.23039604606,baseline_action5_2026-03-01,juv,winter
11,1990,75379.39812754498,baseline_action5_2026-03-01,juv,winter
11,1991,72526.23039604606,baseline_action5_2026-03-01,juv,winter
11,1992,80751.30516530745,baseline_action5_2026-03-01,juv,winter
11,1993,72526.23039604606,baseline_action5_2026-03-01,juv,winter
11,1994,72526.23039604606,baseline_action5_2026-03-01,juv,winter
11,1995,72526.23039604606,baseline_action5_2026-03-01,juv,winter
11,1996,72526.23039604606,baseline_action5_2026-03-01,juv,winter
11,1997,72526.23039604606,baseline_action5_2026-03-01,juv,winter
11,1998,72526.23039604606,baseline_action5_2026-03-01,juv,winter
11,1999,72526.23039604606,baseline_action5_2026-03-01,juv,winter
11,2000,72526.23039604606,baseline_action5_2026-03-01,juv,winter
12,1980,72526.23039604606,baseline_action5_2026-03-01,juv,winter
12,1981,72526.23039604606,baseline_action5_2026-03-01,juv,winter
12,1982,72526.23039604606,baseline_action5_2026-03-01,juv,winter
12,1983,72526.23039604606,baseline_action5_2026-03-01,juv,winter
12,1984,72526.23039604606,baseline_action5_2026-03-01,juv,winter
12,1985,72526.23039604606,baseline_action5_2026-03-01,juv,winter
12,1986,72526.23039604606,baseline_action5_2026-03-01,juv,winter
12,1987,72526.23039604606,baseline_action5_2026-03-01,juv,winter
12,1988,72526.23039604606,baseline_action5_2026-03-01,juv,winter
12,1989,72526.23039604606,baseline_action5_2026-03-01,juv,winter
12,1990,72526.23039604606,baseline_action5_2026-03-01,juv,winter
12,1991,77543.36346961797,baseline_action5_2026-03-01,juv,winter
12,1992,72526.23039604606,baseline_action5_2026-03-01,juv,winter
12,1993,72526.23039604606,baseline_action5_2026-03-01,juv,winter
12,1994,72526.23039604606,baseline_action5_2026-03-01,juv,winter
12,1995,72526.23039604606,baseline_action5_2026-03-01,juv,winter
12,1996,72526.23039604606,baseline_action5_2026-03-01,juv,winter
12,1997,72526.23039604606,baseline_action5_2026-03-01,juv,winter
12,1998,72526.23039604606,baseline_action5_2026-03-01,juv,winter
12,1999,72526.23039604606,baseline_action5_2026-03-01,juv,winter
12,2000,72526.23039604606,baseline_action5_2026-03-01,juv,winter
1,1980,35411.36122037552,baseline_action5_2026-03-01,fry,winter
1,1981,35411.36122037552,baseline_action5_2026-03-01,fry,winter
1,1982,35411.36122037552,baseline_action5_2026-03-01,fry,winter
1,1983,35411.36122037552,baseline_action5_2026-03-01,fry,winter
1,1984,35411.36122037552,baseline_action5_2026-03-01,fry,winter
1,1985,35411.36122037552,baseline_action5_2026-03-01,fry,winter
1,1986,35411.36122037552,baseline_action5_2026-03-01,fry,winter
1,1987,35411.36122037552,baseline_action5_2026-03-01,fry,winter
1,1988,35411.36122037552,baseline_action5_2026-03-01,fry,winter
1,1989,35411.36122037552,baseline_action5_2026-03-01,fry,winter
1,1990,35411.36122037552,baseline_action5_2026-03-01,fry,winter
1,1991,35411.36122037552,baseline_action5_2026-03-01,fry,winter
1,1992,35411.36122037552,baseline_action5_2026-03-01,fry,winter
1,1993,35411.36122037552,baseline_action5_2026-03-01,fry,winter
1,1994,35411.36122037552,baseline_action5_2026-03-01,fry,winter
1,1995,35411.36122037552,baseline_action5_2026-03-01,fry,winter
1,1996,35411.36122037552,baseline_action5_2026-03-01,fry,winter
1,1997,35411.36122037552,baseline_action5_2026-03-01,fry,winter
1,1998,35411.36122037552,baseline_action5_2026-03-01,fry,winter
1,1999,35411.36122037552,baseline_action5_2026-03-01,fry,winter
1,2000,35411.36122037552,baseline_action5_2026-03-01,fry,winter
2,1980,35411.36122037552,baseline_action5_2026-03-01,fry,winter
2,1981,35411.36122037552,baseline_action5_2026-03-01,fry,winter
2,1982,35411.36122037552,baseline_action5_2026-03-01,fry,winter
2,1983,35411.36122037552,baseline_action5_2026-03-01,fry,winter
2,1984,35411.36122037552,baseline_action5_2026-03-01,fry,winter
2,1985,35411.36122037552,baseline_action5_2026-03-01,fry,winter
2,1986,35411.36122037552,baseline_action5_2026-03-01,fry,winter
2,1987,35411.36122037552,baseline_action5_2026-03-01,fry,winter
2,1988,35411.36122037552,baseline_action5_2026-03-01,fry,winter
2,1989,35411.36122037552,baseline_action5_2026-03-01,fry,winter
2,1990,35411.36122037552,baseline_action5_2026-03-01,fry,winter
2,1991,35411.36122037552,baseline_action5_2026-03-01,fry,winter
2,1992,35411.36122037552,baseline_action5_2026-03-01,fry,winter
2,1993,35411.36122037552,baseline_action5_2026-03-01,fry,winter
2,1994,35411.36122037552,baseline_action5_2026-03-01,fry,winter
2,1995,35411.36122037552,baseline_action5_2026-03-01,fry,winter
2,1996,35411.36122037552,baseline_action5_2026-03-01,fry,winter
2,1997,35411.36122037552,baseline_action5_2026-03-01,fry,winter
2,1998,35411.36122037552,baseline_action5_2026-03-01,fry,winter
2,1999,35411.36122037552,baseline_action5_2026-03-01,fry,winter
2,2000,35411.36122037552,baseline_action5_2026-03-01,fry,winter
3,1980,35411.36122037552,baseline_action5_2026-03-01,fry,winter
3,1981,35411.36122037552,baseline_action5_2026-03-01,fry,winter
3,1982,35411.36122037552,baseline_action5_2026-03-01,fry,winter
3,1983,35411.36122037552,baseline_action5_2026-03-01,fry,winter
3,1984,35411.36122037552,baseline_action5_2026-03-01,fry,winter
3,1985,35411.36122037552,baseline_action5_2026-03-01,fry,winter
3,1986,35411.36122037552,baseline_action5_2026-03-01,fry,winter
3,1987,35411.36122037552,baseline_action5_2026-03-01,fry,winter
3,1988,35411.36122037552,baseline_action5_2026-03-01,fry,winter
3,1989,35411.36122037552,baseline_action5_2026-03-01,fry,winter
3,1990,35411.36122037552,baseline_action5_2026-03-01,fry,winter
3,1991,35411.36122037552,baseline_action5_2026-03-01,fry,winter
3,1992,35411.36122037552,baseline_action5_2026-03-01,fry,winter
3,1993,35411.36122037552,baseline_action5_2026-03-01,fry,winter
3,1994,35411.36122037552,baseline_action5_2026-03-01,fry,winter
3,1995,35411.36122037552,baseline_action5_2026-03-01,fry,winter
3,1996,35411.36122037552,baseline_action5_2026-03-01,fry,winter
3,1997,35411.36122037552,baseline_action5_2026-03-01,fry,winter
3,1998,35411.36122037552,baseline_action5_2026-03-01,fry,winter
3,1999,35411.36122037552,baseline_action5_2026-03-01,fry,winter
3,2000,35411.36122037552,baseline_action5_2026-03-01,fry,winter
4,1980,35411.36122037552,baseline_action5_2026-03-01,fry,winter
4,1981,35411.36122037552,baseline_action5_2026-03-01,fry,winter
4,1982,35411.36122037552,baseline_action5_2026-03-01,fry,winter
4,1983,35411.36122037552,baseline_action5_2026-03-01,fry,winter
4,1984,35411.36122037552,baseline_action5_2026-03-01,fry,winter
4,1985,35411.36122037552,baseline_action5_2026-03-01,fry,winter
4,1986,35411.36122037552,baseline_action5_2026-03-01,fry,winter
4,1987,35411.36122037552,baseline_action5_2026-03-01,fry,winter
4,1988,35411.36122037552,baseline_action5_2026-03-01,fry,winter
4,1989,35411.36122037552,baseline_action5_2026-03-01,fry,winter
4,1990,35411.36122037552,baseline_action5_2026-03-01,fry,winter
4,1991,35411.36122037552,baseline_action5_2026-03-01,fry,winter
4,1992,35411.36122037552,baseline_action5_2026-03-01,fry,winter
4,1993,35411.36122037552,baseline_action5_2026-03-01,fry,winter
4,1994,35411.36122037552,baseline_action5_2026-03-01,fry,winter
4,1995,35411.36122037552,baseline_action5_2026-03-01,fry,winter
4,1996,35411.36122037552,baseline_action5_2026-03-01,fry,winter
4,1997,35411.36122037552,baseline_action5_2026-03-01,fry,winter
4,1998,35411.36122037552,baseline_action5_2026-03-01,fry,winter
4,1999,35411.36122037552,baseline_action5_2026-03-01,fry,winter
4,2000,35411.36122037552,baseline_action5_2026-03-01,fry,winter
5,1980,35411.36122037552,baseline_action5_2026-03-01,fry,winter
5,1981,35411.36122037552,baseline_action5_2026-03-01,fry,winter
5,1982,35411.36122037552,baseline_action5_2026-03-01,fry,winter
5,1983,35411.36122037552,baseline_action5_2026-03-01,fry,winter
5,1984,35411.36122037552,baseline_action5_2026-03-01,fry,winter
5,1985,35411.36122037552,baseline_action5_2026-03-01,fry,winter
5,1986,35411.36122037552,baseline_action5_2026-03-01,fry,winter
5,1987,35411.36122037552,baseline_action5_2026-03-01,fry,winter
5,1988,35411.36122037552,baseline_action5_2026-03-01,fry,winter
5,1989,35411.36122037552,baseline_action5_2026-03-01,fry,winter
5,1990,37696.197380331665,baseline_action5_2026-03-01,fry,winter
5,1991,35411.36122037552,baseline_action5_2026-03-01,fry,winter
5,1992,35411.36122037552,baseline_action5_2026-03-01,fry,winter
5,1993,35411.36122037552,baseline_action5_2026-03-01,fry,winter
5,1994,35411.36122037552,baseline_action5_2026-03-01,fry,winter
5,1995,35411.36122037552,baseline_action5_2026-03-01,fry,winter
5,1996,35411.36122037552,baseline_action5_2026-03-01,fry,winter
5,1997,35411.36122037552,baseline_action5_2026-03-01,fry,winter
5,1998,35411.36122037552,baseline_action5_2026-03-01,fry,winter
5,1999,35411.36122037552,baseline_action5_2026-03-01,fry,winter
5,2000,35411.36122037552,baseline_action5_2026-03-01,fry,winter
6,1980,35411.36122037552,baseline_action5_2026-03-01,fry,winter
6,1981,35891.75236404948,baseline_action5_2026-03-01,fry,winter
6,1982,35411.36122037552,baseline_action5_2026-03-01,fry,winter
6,1983,35411.36122037552,baseline_action5_2026-03-01,fry,winter
6,1984,35411.36122037552,baseline_action5_2026-03-01,fry,winter
6,1985,37738.81545640133,baseline_action5_2026-03-01,fry,winter
6,1986,35411.36122037552,baseline_action5_2026-03-01,fry,winter
6,1987,38367.65488209499,baseline_action5_2026-03-01,fry,winter
6,1988,35411.36122037552,baseline_action5_2026-03-01,fry,winter
6,1989,35411.36122037552,baseline_action5_2026-03-01,fry,winter
6,1990,35411.36122037552,baseline_action5_2026-03-01,fry,winter
6,1991,35411.36122037552,baseline_action5_2026-03-01,fry,winter
6,1992,51626.151592020804,baseline_action5_2026-03-01,fry,winter
6,1993,35411.36122037552,baseline_action5_2026-03-01,fry,winter
6,1994,35484.68370003142,baseline_action5_2026-03-01,fry,winter
6,1995,35411.36122037552,baseline_action5_2026-03-01,fry,winter
6,1996,35411.36122037552,baseline_action5_2026-03-01,fry,winter
6,1997,35411.36122037552,baseline_action5_2026-03-01,fry,winter
6,1998,35411.36122037552,baseline_action5_2026-03-01,fry,winter
6,1999,35411.36122037552,baseline_action5_2026-03-01,fry,winter
6,2000,35411.36122037552,baseline_action5_2026-03-01,fry,winter
7,1980,35411.36122037552,baseline_action5_2026-03-01,fry,winter
7,1981,41409.45411543733,baseline_action5_2026-03-01,fry,winter
7,1982,35411.36122037552,baseline_action5_2026-03-01,fry,winter
7,1983,35411.36122037552,baseline_action5_2026-03-01,fry,winter
7,1984,35411.36122037552,baseline_action5_2026-03-01,fry,winter
7,1985,46540.90156793289,baseline_action5_2026-03-01,fry,winter
7,1986,36009.592810194474,baseline_action5_2026-03-01,fry,winter
7,1987,36196.97362747183,baseline_action5_2026-03-01,fry,winter
7,1988,36754.73815116884,baseline_action5_2026-03-01,fry,winter
7,1989,39840.3438262027,baseline_action5_2026-03-01,fry,winter
7,1990,35411.36122037552,baseline_action5_2026-03-01,fry,winter
7,1991,44528.532568102215,baseline_action5_2026-03-01,fry,winter
7,1992,43587.78148622233,baseline_action5_2026-03-01,fry,winter
7,1993,35411.36122037552,baseline_action5_2026-03-01,fry,winter
7,1994,40239.561120706065,baseline_action5_2026-03-01,fry,winter
7,1995,35411.36122037552,baseline_action5_2026-03-01,fry,winter
7,1996,35411.36122037552,baseline_action5_2026-03-01,fry,winter
7,1997,35411.36122037552,baseline_action5_2026-03-01,fry,winter
7,1998,35411.36122037552,baseline_action5_2026-03-01,fry,winter
7,1999,35411.36122037552,baseline_action5_2026-03-01,fry,winter
7,2000,35411.36122037552,baseline_action5_2026-03-01,fry,winter
8,1980,43712.33628385608,baseline_action5_2026-03-01,fry,winter
8,1981,35980.14294577452,baseline_action5_2026-03-01,fry,winter
8,1982,35411.36122037552,baseline_action5_2026-03-01,fry,winter
8,1983,35411.36122037552,baseline_action5_2026-03-01,fry,winter
8,1984,36755.03853667902,baseline_action5_2026-03-01,fry,winter
8,1985,38385.3855800682,baseline_action5_2026-03-01,fry,winter
8,1986,45431.68630803395,baseline_action5_2026-03-01,fry,winter
8,1987,35411.36122037552,baseline_action5_2026-03-01,fry,winter
8,1988,44453.97765999007,baseline_action5_2026-03-01,fry,winter
8,1989,44083.08108112192,baseline_action5_2026-03-01,fry,winter
8,1990,35693.11991556243,baseline_action5_2026-03-01,fry,winter
8,1991,40871.80107149365,baseline_action5_2026-03-01,fry,winter
8,1992,43719.56343703762,baseline_action5_2026-03-01,fry,winter
8,1993,35411.36122037552,baseline_action5_2026-03-01,fry,winter
8,1994,38154.73025337449,baseline_action5_2026-03-01,fry,winter
8,1995,35411.36122037552,baseline_action5_2026-03-01,fry,winter
8,1996,35411.36122037552,baseline_action5_2026-03-01,fry,winter
8,1997,38643.757887159045,baseline_action5_2026-03-01,fry,winter
8,1998,35411.36122037552,baseline_action5_2026-03-01,fry,winter
8,1999,37762.19144074758,baseline_action5_2026-03-01,fry,winter
8,2000,35411.36122037552,baseline_action5_2026-03-01,fry,winter
9,1980,42224.15884951231,baseline_action5_2026-03-01,fry,winter
9,1981,35411.36122037552,baseline_action5_2026-03-01,fry,winter
9,1982,35776.451214252804,baseline_action5_2026-03-01,fry,winter
9,1983,35411.36122037552,baseline_action5_2026-03-01,fry,winter
9,1984,35411.36122037552,baseline_action5_2026-03-01,fry,winter
9,1985,35411.36122037552,baseline_action5_2026-03-01,fry,winter
9,1986,35411.36122037552,baseline_action5_2026-03-01,fry,winter
9,1987,35411.36122037552,baseline_action5_2026-03-01,fry,winter
9,1988,36228.13597549586,baseline_action5_2026-03-01,fry,winter
9,1989,35411.36122037552,baseline_action5_2026-03-01,fry,winter
9,1990,36100.991920623674,baseline_action5_2026-03-01,fry,winter
9,1991,38515.94467392505,baseline_action5_2026-03-01,fry,winter
9,1992,41170.706709317084,baseline_action5_2026-03-01,fry,winter
9,1993,41499.760435235614,baseline_action5_2026-03-01,fry,winter
9,1994,38823.5740130911,baseline_action5_2026-03-01,fry,winter
9,1995,39141.993571221756,baseline_action5_2026-03-01,fry,winter
9,1996,35411.36122037552,baseline_action5_2026-03-01,fry,winter
9,1997,35411.36122037552,baseline_action5_2026-03-01,fry,winter
9,1998,35411.36122037552,baseline_action5_2026-03-01,fry,winter
9,1999,35411.36122037552,baseline_action5_2026-03-01,fry,winter
9,2000,35411.36122037552,baseline_action5_2026-03-01,fry,winter
10,1980,35411.36122037552,baseline_action5_2026-03-01,fry,winter
10,1981,35411.36122037552,baseline_action5_2026-03-01,fry,winter
10,1982,35411.36122037552,baseline_action5_2026-03-01,fry,winter
10,1983,35411.36122037552,baseline_action5_2026-03-01,fry,winter
10,1984,35411.36122037552,baseline_action5_2026-03-01,fry,winter
10,1985,35411.36122037552,baseline_action5_2026-03-01,fry,winter
10,1986,35411.36122037552,baseline_action5_2026-03-01,fry,winter
10,1987,35411.36122037552,baseline_action5_2026-03-01,fry,winter
10,1988,35526.154235214664,baseline_action5_2026-03-01,fry,winter
10,1989,35411.36122037552,baseline_action5_2026-03-01,fry,winter
10,1990,35411.36122037552,baseline_action5_2026-03-01,fry,winter
10,1991,38623.340460038846,baseline_action5_2026-03-01,fry,winter
10,1992,40662.07913673511,baseline_action5_2026-03-01,fry,winter
10,1993,35411.36122037552,baseline_action5_2026-03-01,fry,winter
10,1994,37238.13270862988,baseline_action5_2026-03-01,fry,winter
10,1995,35411.36122037552,baseline_action5_2026-03-01,fry,winter
10,1996,35411.36122037552,baseline_action5_2026-03-01,fry,winter
10,1997,35411.36122037552,baseline_action5_2026-03-01,fry,winter
10,1998,35411.36122037552,baseline_action5_2026-03-01,fry,winter
10,1999,35411.36122037552,baseline_action5_2026-03-01,fry,winter
10,2000,35411.36122037552,baseline_action5_2026-03-01,fry,winter
11,1980,35411.36122037552,baseline_action5_2026-03-01,fry,winter
11,1981,35411.36122037552,baseline_action5_2026-03-01,fry,winter
11,1982,35411.36122037552,baseline_action5_2026-03-01,fry,winter
11,1983,35411.36122037552,baseline_action5_2026-03-01,fry,winter
11,1984,35411.36122037552,baseline_action5_2026-03-01,fry,winter
11,1985,35411.36122037552,baseline_action5_2026-03-01,fry,winter
11,1986,35411.36122037552,baseline_action5_2026-03-01,fry,winter
11,1987,35411.36122037552,baseline_action5_2026-03-01,fry,winter
11,1988,35411.36122037552,baseline_action5_2026-03-01,fry,winter
11,1989,35411.36122037552,baseline_action5_2026-03-01,fry,winter
11,1990,36289.64598570824,baseline_action5_2026-03-01,fry,winter
11,1991,35411.36122037552,baseline_action5_2026-03-01,fry,winter
11,1992,38039.98702517114,baseline_action5_2026-03-01,fry,winter
11,1993,35411.36122037552,baseline_action5_2026-03-01,fry,winter
11,1994,35411.36122037552,baseline_action5_2026-03-01,fry,winter
11,1995,35411.36122037552,baseline_action5_2026-03-01,fry,winter
11,1996,35411.36122037552,baseline_action5_2026-03-01,fry,winter
11,1997,35411.36122037552,baseline_action5_2026-03-01,fry,winter
11,1998,35411.36122037552,baseline_action5_2026-03-01,fry,winter
11,1999,35411.36122037552,baseline_action5_2026-03-01,fry,winter
11,2000,35411.36122037552,baseline_action5_2026-03-01,fry,winter
12,1980,35411.36122037552,baseline_action5_2026-03-01,fry,winter
12,1981,35411.36122037552,baseline_action5_2026-03-01,fry,winter
12,1982,35411.36122037552,baseline_action5_2026-03-01,fry,winter
12,1983,35411.36122037552,baseline_action5_2026-03-01,fry,winter
12,1984,35411.36122037552,baseline_action5_2026-03-01,fry,winter
12,1985,35411.36122037552,baseline_action5_2026-03-01,fry,winter
12,1986,35411.36122037552,baseline_action5_2026-03-01,fry,winter
12,1987,35411.36122037552,baseline_action5_2026-03-01,fry,winter
12,1988,35411.36122037552,baseline_action5_2026-03-01,fry,winter
12,1989,35411.36122037552,baseline_action5_2026-03-01,fry,winter
12,1990,35411.36122037552,baseline_action5_2026-03-01,fry,winter
12,1991,36955.77499441261,baseline_action5_2026-03-01,fry,winter
12,1992,35411.36122037552,baseline_action5_2026-03-01,fry,winter
12,1993,35411.36122037552,baseline_action5_2026-03-01,fry,winter
12,1994,35411.36122037552,baseline_action5_2026-03-01,fry,winter
12,1995,35411.36122037552,baseline_action5_2026-03-01,fry,winter
12,1996,35411.36122037552,baseline_action5_2026-03-01,fry,winter
12,1997,35411.36122037552,baseline_action5_2026-03-01,fry,winter
12,1998,35411.36122037552,baseline_action5_2026-03-01,fry,winter
12,1999,35411.36122037552,baseline_action5_2026-03-01,fry,winter
12,2000,35411.36122037552,baseline_action5_2026-03-01,fry,winter
1,1980,0,baseline_action5_2026-03-01,fp,winter
1,1981,0,baseline_action5_2026-03-01,fp,winter
1,1982,0,baseline_action5_2026-03-01,fp,winter
1,1983,0,baseline_action5_2026-03-01,fp,winter
1,1984,74644.51477442816,baseline_action5_2026-03-01,fp,winter
1,1985,0,baseline_action5_2026-03-01,fp,winter
1,1986,0,baseline_action5_2026-03-01,fp,winter
1,1987,0,baseline_action5_2026-03-01,fp,winter
1,1988,0,baseline_action5_2026-03-01,fp,winter
1,1989,0,baseline_action5_2026-03-01,fp,winter
1,1990,0,baseline_action5_2026-03-01,fp,winter
1,1991,0,baseline_action5_2026-03-01,fp,winter
1,1992,0,baseline_action5_2026-03-01,fp,winter
1,1993,0,baseline_action5_2026-03-01,fp,winter
1,1994,0,baseline_action5_2026-03-01,fp,winter
1,1995,0,baseline_action5_2026-03-01,fp,winter
1,1996,0,baseline_action5_2026-03-01,fp,winter
1,1997,0,baseline_action5_2026-03-01,fp,winter
1,1998,0,baseline_action5_2026-03-01,fp,winter
1,1999,0,baseline_action5_2026-03-01,fp,winter
1,2000,0,baseline_action5_2026-03-01,fp,winter
2,1980,18159.439300081674,baseline_action5_2026-03-01,fp,winter
2,1981,0,baseline_action5_2026-03-01,fp,winter
2,1982,0,baseline_action5_2026-03-01,fp,winter
2,1983,2516.001652155979,baseline_action5_2026-03-01,fp,winter
2,1984,0,baseline_action5_2026-03-01,fp,winter
2,1985,0,baseline_action5_2026-03-01,fp,winter
2,1986,0,baseline_action5_2026-03-01,fp,winter
2,1987,0,baseline_action5_2026-03-01,fp,winter
2,1988,0,baseline_action5_2026-03-01,fp,winter
2,1989,0,baseline_action5_2026-03-01,fp,winter
2,1990,0,baseline_action5_2026-03-01,fp,winter
2,1991,0,baseline_action5_2026-03-01,fp,winter
2,1992,0,baseline_action5_2026-03-01,fp,winter
2,1993,3025.375257540164,baseline_action5_2026-03-01,fp,winter
2,1994,0,baseline_action5_2026-03-01,fp,winter
2,1995,85449.06178793836,baseline_action5_2026-03-01,fp,winter
2,1996,0,baseline_action5_2026-03-01,fp,winter
2,1997,92636.92678588525,baseline_action5_2026-03-01,fp,winter
2,1998,38657.315011134626,baseline_action5_2026-03-01,fp,winter
2,1999,0,baseline_action5_2026-03-01,fp,winter
2,2000,0,baseline_action5_2026-03-01,fp,winter
3,1980,0,baseline_action5_2026-03-01,fp,winter
3,1981,0,baseline_action5_2026-03-01,fp,winter
3,1982,0,baseline_action5_2026-03-01,fp,winter
3,1983,37580.261235270336,baseline_action5_2026-03-01,fp,winter
3,1984,0,baseline_action5_2026-03-01,fp,winter
3,1985,0,baseline_action5_2026-03-01,fp,winter
3,1986,74418.29008503768,baseline_action5_2026-03-01,fp,winter
3,1987,0,baseline_action5_2026-03-01,fp,winter
3,1988,0,baseline_action5_2026-03-01,fp,winter
3,1989,0,baseline_action5_2026-03-01,fp,winter
3,1990,0,baseline_action5_2026-03-01,fp,winter
3,1991,0,baseline_action5_2026-03-01,fp,winter
3,1992,0,baseline_action5_2026-03-01,fp,winter
3,1993,0,baseline_action5_2026-03-01,fp,winter
3,1994,0,baseline_action5_2026-03-01,fp,winter
3,1995,0,baseline_action5_2026-03-01,fp,winter
3,1996,3943.299269345405,baseline_action5_2026-03-01,fp,winter
3,1997,0,baseline_action5_2026-03-01,fp,winter
3,1998,81699.5442105272,baseline_action5_2026-03-01,fp,winter
3,1999,3633.814999985186,baseline_action5_2026-03-01,fp,winter
3,2000,0,baseline_action5_2026-03-01,fp,winter
4,1980,0,baseline_action5_2026-03-01,fp,winter
4,1981,0,baseline_action5_2026-03-01,fp,winter
4,1982,0,baseline_action5_2026-03-01,fp,winter
4,1983,81308.75115667575,baseline_action5_2026-03-01,fp,winter
4,1984,0,baseline_action5_2026-03-01,fp,winter
4,1985,0,baseline_action5_2026-03-01,fp,winter
4,1986,0,baseline_action5_2026-03-01,fp,winter
4,1987,0,baseline_action5_2026-03-01,fp,winter
4,1988,0,baseline_action5_2026-03-01,fp,winter
4,1989,29212.013734235075,baseline_action5_2026-03-01,fp,winter
4,1990,0,baseline_action5_2026-03-01,fp,winter
4,1991,0,baseline_action5_2026-03-01,fp,winter
4,1992,0,baseline_action5_2026-03-01,fp,winter
4,1993,0,baseline_action5_2026-03-01,fp,winter
4,1994,0,baseline_action5_2026-03-01,fp,winter
4,1995,52850.73528184814,baseline_action5_2026-03-01,fp,winter
4,1996,0,baseline_action5_2026-03-01,fp,winter
4,1997,0,baseline_action5_2026-03-01,fp,winter
4,1998,0,baseline_action5_2026-03-01,fp,winter
4,1999,0,baseline_action5_2026-03-01,fp,winter
4,2000,0,baseline_action5_2026-03-01,fp,winter
5,1980,0,baseline_action5_2026-03-01,fp,winter
5,1981,0,baseline_action5_2026-03-01,fp,winter
5,1982,0,baseline_action5_2026-03-01,fp,winter
5,1983,0,baseline_action5_2026-03-01,fp,winter
5,1984,0,baseline_action5_2026-03-01,fp,winter
5,1985,0,baseline_action5_2026-03-01,fp,winter
5,1986,0,baseline_action5_2026-03-01,fp,winter
5,1987,0,baseline_action5_2026-03-01,fp,winter
5,1988,0,baseline_action5_2026-03-01,fp,winter
5,1989,0,baseline_action5_2026-03-01,fp,winter
5,1990,0,baseline_action5_2026-03-01,fp,winter
5,1991,0,baseline_action5_2026-03-01,fp,winter
5,1992,0,baseline_action5_2026-03-01,fp,winter
5,1993,0,baseline_action5_2026-03-01,fp,winter
5,1994,0,baseline_action5_2026-03-01,fp,winter
5,1995,0,baseline_action5_2026-03-01,fp,winter
5,1996,0,baseline_action5_2026-03-01,fp,winter
5,1997,0,baseline_action5_2026-03-01,fp,winter
5,1998,0,baseline_action5_2026-03-01,fp,winter
5,1999,0,baseline_action5_2026-03-01,fp,winter
5,2000,0,baseline_action5_2026-03-01,fp,winter
6,1980,0,baseline_action5_2026-03-01,fp,winter
6,1981,0,baseline_action5_2026-03-01,fp,winter
6,1982,0,baseline_action5_2026-03-01,fp,winter
6,1983,0,baseline_action5_2026-03-01,fp,winter
6,1984,0,baseline_action5_2026-03-01,fp,winter
6,1985,0,baseline_action5_2026-03-01,fp,winter
6,1986,0,baseline_action5_2026-03-01,fp,winter
6,1987,0,baseline_action5_2026-03-01,fp,winter
6,1988,0,baseline_action5_2026-03-01,fp,winter
6,1989,0,baseline_action5_2026-03-01,fp,winter
6,1990,0,baseline_action5_2026-03-01,fp,winter
6,1991,0,baseline_action5_2026-03-01,fp,winter
6,1992,0,baseline_action5_2026-03-01,fp,winter
6,1993,0,baseline_action5_2026-03-01,fp,winter
6,1994,0,baseline_action5_2026-03-01,fp,winter
6,1995,0,baseline_action5_2026-03-01,fp,winter
6,1996,0,baseline_action5_2026-03-01,fp,winter
6,1997,0,baseline_action5_2026-03-01,fp,winter
6,1998,10620.550861498456,baseline_action5_2026-03-01,fp,winter
6,1999,0,baseline_action5_2026-03-01,fp,winter
6,2000,0,baseline_action5_2026-03-01,fp,winter
7,1980,0,baseline_action5_2026-03-01,fp,winter
7,1981,0,baseline_action5_2026-03-01,fp,winter
7,1982,0,baseline_action5_2026-03-01,fp,winter
7,1983,0,baseline_action5_2026-03-01,fp,winter
7,1984,0,baseline_action5_2026-03-01,fp,winter
7,1985,0,baseline_action5_2026-03-01,fp,winter
7,1986,0,baseline_action5_2026-03-01,fp,winter
7,1987,0,baseline_action5_2026-03-01,fp,winter
7,1988,0,baseline_action5_2026-03-01,fp,winter
7,1989,0,baseline_action5_2026-03-01,fp,winter
7,1990,0,baseline_action5_2026-03-01,fp,winter
7,1991,0,baseline_action5_2026-03-01,fp,winter
7,1992,0,baseline_action5_2026-03-01,fp,winter
7,1993,0,baseline_action5_2026-03-01,fp,winter
7,1994,0,baseline_action5_2026-03-01,fp,winter
7,1995,0,baseline_action5_2026-03-01,fp,winter
7,1996,0,baseline_action5_2026-03-01,fp,winter
7,1997,0,baseline_action5_2026-03-01,fp,winter
7,1998,0,baseline_action5_2026-03-01,fp,winter
7,1999,0,baseline_action5_2026-03-01,fp,winter
7,2000,0,baseline_action5_2026-03-01,fp,winter
8,1980,0,baseline_action5_2026-03-01,fp,winter
8,1981,0,baseline_action5_2026-03-01,fp,winter
8,1982,0,baseline_action5_2026-03-01,fp,winter
8,1983,0,baseline_action5_2026-03-01,fp,winter
8,1984,0,baseline_action5_2026-03-01,fp,winter
8,1985,0,baseline_action5_2026-03-01,fp,winter
8,1986,0,baseline_action5_2026-03-01,fp,winter
8,1987,0,baseline_action5_2026-03-01,fp,winter
8,1988,0,baseline_action5_2026-03-01,fp,winter
8,1989,0,baseline_action5_2026-03-01,fp,winter
8,1990,0,baseline_action5_2026-03-01,fp,winter
8,1991,0,baseline_action5_2026-03-01,fp,winter
8,1992,0,baseline_action5_2026-03-01,fp,winter
8,1993,0,baseline_action5_2026-03-01,fp,winter
8,1994,0,baseline_action5_2026-03-01,fp,winter
8,1995,0,baseline_action5_2026-03-01,fp,winter
8,1996,0,baseline_action5_2026-03-01,fp,winter
8,1997,0,baseline_action5_2026-03-01,fp,winter
8,1998,0,baseline_action5_2026-03-01,fp,winter
8,1999,0,baseline_action5_2026-03-01,fp,winter
8,2000,0,baseline_action5_2026-03-01,fp,winter
9,1980,0,baseline_action5_2026-03-01,fp,winter
9,1981,0,baseline_action5_2026-03-01,fp,winter
9,1982,0,baseline_action5_2026-03-01,fp,winter
9,1983,0,baseline_action5_2026-03-01,fp,winter
9,1984,0,baseline_action5_2026-03-01,fp,winter
9,1985,0,baseline_action5_2026-03-01,fp,winter
9,1986,0,baseline_action5_2026-03-01,fp,winter
9,1987,0,baseline_action5_2026-03-01,fp,winter
9,1988,0,baseline_action5_2026-03-01,fp,winter
9,1989,0,baseline_action5_2026-03-01,fp,winter
9,1990,0,baseline_action5_2026-03-01,fp,winter
9,1991,0,baseline_action5_2026-03-01,fp,winter
9,1992,0,baseline_action5_2026-03-01,fp,winter
9,1993,0,baseline_action5_2026-03-01,fp,winter
9,1994,0,baseline_action5_2026-03-01,fp,winter
9,1995,0,baseline_action5_2026-03-01,fp,winter
9,1996,0,baseline_action5_2026-03-01,fp,winter
9,1997,0,baseline_action5_2026-03-01,fp,winter
9,1998,0,baseline_action5_2026-03-01,fp,winter
9,1999,0,baseline_action5_2026-03-01,fp,winter
9,2000,0,baseline_action5_2026-03-01,fp,winter
10,1980,0,baseline_action5_2026-03-01,fp,winter
10,1981,0,baseline_action5_2026-03-01,fp,winter
10,1982,0,baseline_action5_2026-03-01,fp,winter
10,1983,0,baseline_action5_2026-03-01,fp,winter
10,1984,0,baseline_action5_2026-03-01,fp,winter
10,1985,0,baseline_action5_2026-03-01,fp,winter
10,1986,0,baseline_action5_2026-03-01,fp,winter
10,1987,0,baseline_action5_2026-03-01,fp,winter
10,1988,0,baseline_action5_2026-03-01,fp,winter
10,1989,0,baseline_action5_2026-03-01,fp,winter
10,1990,0,baseline_action5_2026-03-01,fp,winter
10,1991,0,baseline_action5_2026-03-01,fp,winter
10,1992,0,baseline_action5_2026-03-01,fp,winter
10,1993,0,baseline_action5_2026-03-01,fp,winter
10,1994,0,baseline_action5_2026-03-01,fp,winter
10,1995,0,baseline_action5_2026-03-01,fp,winter
10,1996,0,baseline_action5_2026-03-01,fp,winter
10,1997,0,baseline_action5_2026-03-01,fp,winter
10,1998,0,baseline_action5_2026-03-01,fp,winter
10,1999,0,baseline_action5_2026-03-01,fp,winter
10,2000,0,baseline_action5_2026-03-01,fp,winter
11,1980,0,baseline_action5_2026-03-01,fp,winter
11,1981,0,baseline_action5_2026-03-01,fp,winter
11,1982,0,baseline_action5_2026-03-01,fp,winter
11,1983,0,baseline_action5_2026-03-01,fp,winter
11,1984,0,baseline_action5_2026-03-01,fp,winter
11,1985,0,baseline_action5_2026-03-01,fp,winter
11,1986,0,baseline_action5_2026-03-01,fp,winter
11,1987,0,baseline_action5_2026-03-01,fp,winter
11,1988,0,baseline_action5_2026-03-01,fp,winter
11,1989,0,baseline_action5_2026-03-01,fp,winter
11,1990,0,baseline_action5_2026-03-01,fp,winter
11,1991,0,baseline_action5_2026-03-01,fp,winter
11,1992,0,baseline_action5_2026-03-01,fp,winter
11,1993,0,baseline_action5_2026-03-01,fp,winter
11,1994,0,baseline_action5_2026-03-01,fp,winter
11,1995,0,baseline_action5_2026-03-01,fp,winter
11,1996,0,baseline_action5_2026-03-01,fp,winter
11,1997,0,baseline_action5_2026-03-01,fp,winter
11,1998,0,baseline_action5_2026-03-01,fp,winter
11,1999,0,baseline_action5_2026-03-01,fp,winter
11,2000,0,baseline_action5_2026-03-01,fp,winter
12,1980,0,baseline_action5_2026-03-01,fp,winter
12,1981,0,baseline_action5_2026-03-01,fp,winter
12,1982,0,baseline_action5_2026-03-01,fp,winter
12,1983,0,baseline_action5_2026-03-01,fp,winter
12,1984,0,baseline_action5_2026-03-01,fp,winter
12,1985,0,baseline_action5_2026-03-01,fp,winter
12,1986,0,baseline_action5_2026-03-01,fp,winter
12,1987,0,baseline_action5_2026-03-01,fp,winter
12,1988,0,baseline_action5_2026-03-01,fp,winter
12,1989,0,baseline_action5_2026-03-01,fp,winter
12,1990,0,baseline_action5_2026-03-01,fp,winter
12,1991,0,baseline_action5_2026-03-01,fp,winter
12,1992,0,baseline_action5_2026-03-01,fp,winter
12,1993,0,baseline_action5_2026-03-01,fp,winter
12,1994,0,baseline_action5_2026-03-01,fp,winter
12,1995,0,baseline_action5_2026-03-01,fp,winter
12,1996,0,baseline_action5_2026-03-01,fp,winter
12,1997,0,baseline_action5_2026-03-01,fp,winter
12,1998,0,baseline_action5_2026-03-01,fp,winter
12,1999,0,baseline_action5_2026-03-01,fp,winter
12,2000,0,baseline_action5_2026-03-01,fp,winter
